{
  "__comment": "Max bow durability is 385",
  "parent": "item/generated",
  "textures": {
    "layer0": "item/bow"
  },
  "overrides": [
    {
        "predicate": {
            "pulling": 1
        },
        "model": "item/bow_pulling_0"
    },
    {
        "predicate": {
            "pulling": 1,
            "pull": 0.65
        },
        "model": "item/bow_pulling_1"
    },
    {
        "predicate": {
            "pulling": 1,
            "pull": 0.9
        },
        "model": "item/bow_pulling_2"
    },

    {"predicate": {"damaged": 0, "damage": 0.002597402597403}, "model": "item/custom/bow/egypt"},
    {"predicate": {"damaged": 0, "damage": 0.005194805194805}, "model": "item/custom/bow2/bow"},
    {"predicate": {"damaged": 0, "damage": 0.007792207792208}, "model": "item/custom/longbow/longbow_standby"},

    {"predicate": {"damaged": 1, "damage": 0}, "model": "item/bow"},

    {"predicate": {"damaged": 0, "pulling": 1, "damage":0.002597402597403}, "model": "item/custom/bow/egypt_pulling_0"},
    {"predicate": {"damaged": 0, "pulling": 1, "pull": 0.65, "damage":0.002597402597403}, "model": "item/custom/bow/egypt_pulling_1"},
    {"predicate": {"damaged": 0, "pulling": 1, "pull": 0.9, "damage":0.002597402597403}, "model": "item/custom/bow/egypt_pulling_2"},

    {"predicate": {"damaged": 0, "pulling": 1, "damage":0.005194805194805}, "model": "item/custom/bow2/bow_pulling_0"},
    {"predicate": {"damaged": 0, "pulling": 1, "pull": 0.65, "damage":0.005194805194805}, "model": "item/custom/bow2/bow_pulling_1"},
    {"predicate": {"damaged": 0, "pulling": 1, "pull": 0.9, "damage":0.005194805194805}, "model": "item/custom/bow2/bow_pulling_2"},

    {"predicate": {"damaged": 0, "pulling": 1, "damage":0.007792207792208}, "model": "item/custom/longbow/longbow_pulling_0"},
    {"predicate": {"damaged": 0, "pulling": 1, "pull": 0.65, "damage":0.007792207792208}, "model": "item/custom/longbow/longbow_pulling_1"},
    {"predicate": {"damaged": 0, "pulling": 1, "pull": 0.9, "damage":0.007792207792208}, "model": "item/custom/longbow/longbow_pulling_2"},

    {
        "predicate": {
            "pulling": 1,
            "damaged": 1,
            "damage": 0
        },
        "model": "item/bow_pulling_0"
    },
    {
        "predicate": {
            "pulling": 1,
            "pull": 0.65,
            "damaged": 1,
            "damage": 0
        },
        "model": "item/bow_pulling_1"
    },
    {
        "predicate": {
            "pulling": 1,
            "pull": 0.9,
            "damaged": 1,
            "damage": 0
        },
        "model": "item/bow_pulling_2"
    }
  ],
  "display": {
      "thirdperson_righthand": {
          "rotation": [ -80, 260, -40 ],
          "translation": [ -1, -2, 2.5 ],
          "scale": [ 0.9, 0.9, 0.9 ]
      },
      "thirdperson_lefthand": {
          "rotation": [ -80, -280, 40 ],
          "translation": [ -1, -2, 2.5 ],
          "scale": [ 0.9, 0.9, 0.9 ]
      },
      "firstperson_righthand": {
          "rotation": [ 0, -90, 25 ],
          "translation": [ 1.13, 3.2, 1.13],
          "scale": [ 0.68, 0.68, 0.68 ]
      },
      "firstperson_lefthand": {
          "rotation": [ 0, 90, -25 ],
          "translation": [ 1.13, 3.2, 1.13],
          "scale": [ 0.68, 0.68, 0.68 ]
      }
  }
}
