{
    "__comment": "Created by Droobledore with BDcraft Cubik PRO 0.95 Beta. Used with permission in NathanWolf's Magic plugin.",
    "ambientocclusion": false,
    "textures": {
        "particle": "item/custom/blaster",
        "texture": "item/custom/blaster"
    },
    "elements": [
        {
            "__comment": "Blaster",
            "from": [ 0, 10.75, 7.75 ],
            "to": [ 2, 11.25, 9.5 ],
            "faces": {
                "down":  { "uv": [ 16, 9, 14, 8.5 ], "texture": "#texture" },
                "up":    { "uv": [ 0, 8.5, 2, 9 ], "texture": "#texture" },
                "north": { "uv": [ 14, 4, 16, 4.25 ], "texture": "#texture" },
                "south": { "uv": [ 5, 6, 7, 6.25 ], "texture": "#texture" },
                "west":  { "uv": [ 0, 11.5, 1.75, 12.5 ], "texture": "#texture", "cullface": "west" },
                "east":  { "uv": [ 2.5, 10, 4.5, 11 ], "texture": "#texture" }
            }
        },
        {
            "__comment": "Blaster",
            "from": [ 0, 10.5, 8 ],
            "to": [ 2.25, 10.75, 9.5 ],
            "faces": {
                "down":  { "uv": [ 16, 9, 14, 8.5 ], "texture": "#texture" },
                "up":    { "uv": [ 0, 8.5, 2, 9 ], "texture": "#texture" },
                "north": { "uv": [ 14, 4, 16, 4.25 ], "texture": "#texture" },
                "south": { "uv": [ 5, 6, 7, 6.25 ], "texture": "#texture" },
                "west":  { "uv": [ 0, 11.5, 2, 12 ], "texture": "#texture", "cullface": "west" },
                "east":  { "uv": [ 7, 4, 7.5, 4.25 ], "texture": "#texture" }
            }
        },
        {
            "__comment": "Blaster",
            "from": [ 0, 11.25, 8 ],
            "to": [ 2.25, 11.5, 9.5 ],
            "faces": {
                "down":  { "uv": [ 16, 9, 14, 8.5 ], "texture": "#texture" },
                "up":    { "uv": [ 0, 8.5, 2, 9 ], "texture": "#texture" },
                "north": { "uv": [ 14, 4, 16, 4.25 ], "texture": "#texture" },
                "south": { "uv": [ 5, 6, 7, 6.25 ], "texture": "#texture" },
                "west":  { "uv": [ 0, 11.5, 2, 12 ], "texture": "#texture", "cullface": "west" },
                "east":  { "uv": [ 7, 4, 7.5, 4.25 ], "texture": "#texture" }
            }
        },
        {
            "__comment": "Blaster",
            "from": [ 0, 11.5, 8 ],
            "to": [ 2.5, 11.75, 9.25 ],
            "faces": {
                "down":  { "uv": [ 16, 9, 14, 8.5 ], "texture": "#texture" },
                "up":    { "uv": [ 0, 8.5, 2, 9 ], "texture": "#texture" },
                "north": { "uv": [ 14, 4, 16, 4.25 ], "texture": "#texture" },
                "south": { "uv": [ 5, 6, 7, 6.25 ], "texture": "#texture" },
                "west":  { "uv": [ 8.5, 4, 9, 4.25 ], "texture": "#texture", "cullface": "west" },
                "east":  { "uv": [ 7, 4, 7.5, 4.25 ], "texture": "#texture" }
            }
        },
        {
            "__comment": "Blaster",
            "from": [ 0, 10.25, 8.25 ],
            "to": [ 2, 10.5, 9.25 ],
            "faces": {
                "down":  { "uv": [ 16, 9, 14, 8.5 ], "texture": "#texture" },
                "north": { "uv": [ 14, 4, 16, 4.25 ], "texture": "#texture" },
                "south": { "uv": [ 5, 6, 7, 6.25 ], "texture": "#texture" },
                "west":  { "uv": [ 8.5, 4, 9, 4.25 ], "texture": "#texture", "cullface": "west" },
                "east":  { "uv": [ 7, 4, 7.5, 4.25 ], "texture": "#texture" }
            }
        },
        {
            "__comment": "Blaster",
            "from": [ 0, 11.75, 8.5 ],
            "to": [ 2, 12, 9 ],
            "faces": {
                "up":    { "uv": [ 0, 8.5, 2, 9 ], "texture": "#texture" },
                "north": { "uv": [ 14, 4, 16, 4.25 ], "texture": "#texture" },
                "south": { "uv": [ 5, 6, 7, 6.25 ], "texture": "#texture" },
                "west":  { "uv": [ 8.5, 4, 9, 4.25 ], "texture": "#texture", "cullface": "west" },
                "east":  { "uv": [ 7, 4, 7.5, 4.25 ], "texture": "#texture" }
            }
        },
        {
            "__comment": "Blaster",
            "from": [ 1.5, 5, 6.5 ],
            "to": [ 4, 5.25, 8 ],
            "faces": {
                "down":  { "uv": [ 2.5, 5, 0, 4.5 ], "texture": "#texture" },
                "up":    { "uv": [ 0, 0, 2.5, 0.5 ], "texture": "#texture" },
                "north": { "uv": [ 0, 1.5, 2.5, 2.5 ], "texture": "#texture" },
                "south": { "uv": [ 0, 1.5, 2.5, 2.5 ], "texture": "#texture" },
                "west":  { "uv": [ 0, 1, 1, 2 ], "texture": "#texture" },
                "east":  { "uv": [ 0, 1, 1, 2 ], "texture": "#texture" }
            }
        },
        {
            "__comment": "Blaster",
            "from": [ 1.75, 4.25, 6.5 ],
            "to": [ 3.75, 5, 8 ],
            "faces": {
                "down":  { "uv": [ 2.5, 5, 0, 4.5 ], "texture": "#texture" },
                "north": { "uv": [ 0, 1.5, 2.5, 2.5 ], "texture": "#texture" },
                "south": { "uv": [ 0, 1.5, 2.5, 2.5 ], "texture": "#texture" },
                "west":  { "uv": [ 0, 1, 1, 2 ], "texture": "#texture" },
                "east":  { "uv": [ 0, 1, 1, 2 ], "texture": "#texture" }
            }
        },
        {
            "__comment": "Blaster",
            "from": [ 1.75, 5.25, 6.5 ],
            "to": [ 4, 6, 8 ],
            "faces": {
                "up":    { "uv": [ 0, 0, 2.5, 0.5 ], "texture": "#texture" },
                "north": { "uv": [ 0, 1.5, 2.5, 2.5 ], "texture": "#texture" },
                "south": { "uv": [ 0, 1.5, 2.5, 2.5 ], "texture": "#texture" },
                "west":  { "uv": [ 0, 1, 1, 2 ], "texture": "#texture" },
                "east":  { "uv": [ 0, 1, 1, 2 ], "texture": "#texture" }
            }
        },
        {
            "__comment": "Blaster",
            "from": [ 2, 4, 6.5 ],
            "to": [ 3.25, 4.25, 8 ],
            "faces": {
                "down":  { "uv": [ 2.5, 5, 0, 4.5 ], "texture": "#texture" },
                "north": { "uv": [ 0, 1.5, 2.5, 2.5 ], "texture": "#texture" },
                "south": { "uv": [ 0, 1.5, 2.5, 2.5 ], "texture": "#texture" },
                "west":  { "uv": [ 0, 1, 1, 2 ], "texture": "#texture" },
                "east":  { "uv": [ 0, 1, 1, 2 ], "texture": "#texture" }
            }
        },
        {
            "__comment": "Blaster",
            "from": [ 2, 6, 6.5 ],
            "to": [ 4, 6.5, 8 ],
            "faces": {
                "up":    { "uv": [ 0, 0, 2.5, 0.5 ], "texture": "#texture" },
                "north": { "uv": [ 0, 1.5, 2.5, 2.5 ], "texture": "#texture" },
                "south": { "uv": [ 0, 1.5, 2.5, 2.5 ], "texture": "#texture" },
                "west":  { "uv": [ 0, 1, 1, 2 ], "texture": "#texture" },
                "east":  { "uv": [ 0, 1, 1, 2 ], "texture": "#texture" }
            }
        },
        {
            "__comment": "Blaster",
            "from": [ 2, 11, 7.75 ],
            "to": [ 2.25, 11.25, 9.5 ],
            "faces": {
                "down":  { "uv": [ 16, 9, 14, 8.5 ], "texture": "#texture" },
                "up":    { "uv": [ 0, 8.5, 2, 9 ], "texture": "#texture" },
                "north": { "uv": [ 14, 4, 16, 4.25 ], "texture": "#texture" },
                "south": { "uv": [ 5, 6, 7, 6.25 ], "texture": "#texture" },
                "east":  { "uv": [ 7, 4, 7.5, 4.25 ], "texture": "#texture" }
            }
        },
        {
            "__comment": "Blaster",
            "from": [ 2, 10.75, 8 ],
            "to": [ 2.5, 11, 9.5 ],
            "faces": {
                "down":  { "uv": [ 16, 9, 14, 8.5 ], "texture": "#texture" },
                "up":    { "uv": [ 0, 8.5, 2, 9 ], "texture": "#texture" },
                "north": { "uv": [ 14, 4, 16, 4.25 ], "texture": "#texture" },
                "south": { "uv": [ 5, 6, 7, 6.25 ], "texture": "#texture" },
                "east":  { "uv": [ 7, 4, 7.5, 4.25 ], "texture": "#texture" }
            }
        },
        {
            "__comment": "Blaster",
            "from": [ 2, 10.25, 8.25 ],
            "to": [ 2.25, 10.5, 9 ],
            "faces": {
                "down":  { "uv": [ 14, 9, 13.75, 8.25 ], "texture": "#texture" },
                "north": { "uv": [ 13.75, 5.5, 14, 5.75 ], "texture": "#texture" },
                "south": { "uv": [ 2, 5.5, 2.25, 5.75 ], "texture": "#texture" },
                "east":  { "uv": [ 7, 5.5, 7.75, 5.75 ], "texture": "#texture" }
            }
        },
        {
            "__comment": "Blaster",
            "from": [ 2, 11.75, 8.5 ],
            "to": [ 2.25, 12, 8.75 ],
            "faces": {
                "up":    { "uv": [ 0, 8.5, 2, 9 ], "texture": "#texture" },
                "north": { "uv": [ 14, 4, 16, 4.25 ], "texture": "#texture" },
                "south": { "uv": [ 5, 6, 7, 6.25 ], "texture": "#texture" },
                "east":  { "uv": [ 7, 4, 7.5, 4.25 ], "texture": "#texture" }
            }
        },
        {
            "__comment": "Blaster",
            "from": [ 2.25, 6.5, 6.5 ],
            "to": [ 4, 7.25, 8 ],
            "faces": {
                "up":    { "uv": [ 0, 0, 2.5, 0.5 ], "texture": "#texture" },
                "north": { "uv": [ 0, 1.5, 2.5, 2.5 ], "texture": "#texture" },
                "south": { "uv": [ 0, 1.5, 2.5, 2.5 ], "texture": "#texture" },
                "west":  { "uv": [ 0, 1, 1, 2 ], "texture": "#texture" },
                "east":  { "uv": [ 0, 1, 1, 2 ], "texture": "#texture" }
            }
        },
        {
            "__comment": "Blaster",
            "from": [ 2.25, 8.5, 6.5 ],
            "to": [ 9.25, 10.25, 8 ],
            "faces": {
                "down":  { "uv": [ 13.75, 8, 6.75, 6.5 ], "texture": "#texture" },
                "up":    { "uv": [ 2.25, 6.5, 9.25, 8 ], "texture": "#texture" },
                "north": { "uv": [ 6.75, 5.75, 13.75, 7.5 ], "texture": "#texture" },
                "south": { "uv": [ 2.25, 5.75, 9.25, 7.5 ], "texture": "#texture" },
                "west":  { "uv": [ 6.5, 5.75, 8, 7.5 ], "texture": "#texture" },
                "east":  { "uv": [ 8, 5.75, 9.5, 7.5 ], "texture": "#texture" }
            }
        },
        {
            "__comment": "Blaster",
            "from": [ 2.25, 10.25, 6.75 ],
            "to": [ 9.25, 10.75, 7.75 ],
            "faces": {
                "up":    { "uv": [ 0, 8.5, 2, 9 ], "texture": "#texture" },
                "north": { "uv": [ 14, 4, 16, 4.25 ], "texture": "#texture" },
                "south": { "uv": [ 5, 6, 7, 6.25 ], "texture": "#texture" },
                "west":  { "uv": [ 8.5, 4, 9, 4.25 ], "texture": "#texture" },
                "east":  { "uv": [ 7, 4, 7.5, 4.25 ], "texture": "#texture" }
            }
        },
        {
            "__comment": "Blaster",
            "from": [ 2.25, 10.75, 7 ],
            "to": [ 9.25, 11, 7.75 ],
            "faces": {
                "up":    { "uv": [ 0, 8.5, 2, 9 ], "texture": "#texture" },
                "north": { "uv": [ 14, 4, 16, 4.25 ], "texture": "#texture" },
                "south": { "uv": [ 5, 6, 7, 6.25 ], "texture": "#texture" },
                "west":  { "uv": [ 8.5, 4, 9, 4.25 ], "texture": "#texture" },
                "east":  { "uv": [ 7, 4, 7.5, 4.25 ], "texture": "#texture" }
            }
        },
        {
            "__comment": "Blaster",
            "from": [ 2.25, 10.5, 8 ],
            "to": [ 2.75, 10.75, 9.25 ],
            "faces": {
                "down":  { "uv": [ 16, 9, 14, 8.5 ], "texture": "#texture" },
                "up":    { "uv": [ 0, 8.5, 2, 9 ], "texture": "#texture" },
                "north": { "uv": [ 14, 4, 16, 4.25 ], "texture": "#texture" },
                "south": { "uv": [ 5, 6, 7, 6.25 ], "texture": "#texture" },
                "east":  { "uv": [ 7, 4, 7.5, 4.25 ], "texture": "#texture" }
            }
        },
        {
            "__comment": "Blaster",
            "from": [ 2.25, 11, 8 ],
            "to": [ 2.75, 11.25, 9.5 ],
            "faces": {
                "down":  { "uv": [ 16, 9, 14, 8.5 ], "texture": "#texture" },
                "up":    { "uv": [ 0, 8.5, 2, 9 ], "texture": "#texture" },
                "north": { "uv": [ 14, 4, 16, 4.25 ], "texture": "#texture" },
                "south": { "uv": [ 5, 6, 7, 6.25 ], "texture": "#texture" },
                "east":  { "uv": [ 7, 4, 7.5, 4.25 ], "texture": "#texture" }
            }
        },
        {
            "__comment": "Blaster",
            "from": [ 2.25, 11.25, 8 ],
            "to": [ 11.5, 11.5, 9.25 ],
            "faces": {
                "down":  { "uv": [ 16, 9, 14, 8.5 ], "texture": "#texture" },
                "up":    { "uv": [ 0, 8.5, 2, 9 ], "texture": "#texture" },
                "north": { "uv": [ 14, 4, 16, 4.25 ], "texture": "#texture" },
                "south": { "uv": [ 5, 6, 7, 6.25 ], "texture": "#texture" },
                "east":  { "uv": [ 0, 11.5, 2, 12 ], "texture": "#texture" }
            }
        },
        {
            "__comment": "Blaster",
            "from": [ 2.25, 10.25, 8.5 ],
            "to": [ 2.5, 10.5, 9 ],
            "faces": {
                "down":  { "uv": [ 13.75, 9, 13.5, 8.5 ], "texture": "#texture" },
                "north": { "uv": [ 13.5, 5.5, 13.75, 5.75 ], "texture": "#texture" },
                "south": { "uv": [ 2.25, 5.5, 2.5, 5.75 ], "texture": "#texture" },
                "east":  { "uv": [ 7, 5.5, 7.5, 5.75 ], "texture": "#texture" }
            }
        },
        {
            "__comment": "Blaster",
            "from": [ 2.5, 7.25, 6.5 ],
            "to": [ 4.25, 8.5, 8 ],
            "faces": {
                "down":  { "uv": [ 2.5, 5, 0, 4.5 ], "texture": "#texture" },
                "north": { "uv": [ 0, 1.5, 2.5, 2.5 ], "texture": "#texture" },
                "south": { "uv": [ 0, 1.5, 2.5, 2.5 ], "texture": "#texture" },
                "west":  { "uv": [ 0, 1, 1, 2 ], "texture": "#texture" },
                "east":  { "uv": [ 0, 1, 1, 2 ], "texture": "#texture" }
            }
        },
        {
            "__comment": "Blaster",
            "from": [ 2.5, 10.75, 8 ],
            "to": [ 11.5, 11, 9.25 ],
            "faces": {
                "down":  { "uv": [ 16, 9, 14, 8.5 ], "texture": "#texture" },
                "up":    { "uv": [ 0, 8.5, 2, 9 ], "texture": "#texture" },
                "north": { "uv": [ 14, 4, 16, 4.25 ], "texture": "#texture" },
                "south": { "uv": [ 5, 6, 7, 6.25 ], "texture": "#texture" },
                "east":  { "uv": [ 0, 11.5, 2, 12 ], "texture": "#texture" }
            }
        },
        {
            "__comment": "Blaster",
            "from": [ 2.5, 11.5, 8.25 ],
            "to": [ 2.75, 11.75, 9.25 ],
            "faces": {
                "up":    { "uv": [ 0, 8.5, 2, 9 ], "texture": "#texture" },
                "north": { "uv": [ 14, 4, 16, 4.25 ], "texture": "#texture" },
                "south": { "uv": [ 5, 6, 7, 6.25 ], "texture": "#texture" },
                "east":  { "uv": [ 7, 4, 7.5, 4.25 ], "texture": "#texture" }
            }
        },
        {
            "__comment": "Blaster",
            "from": [ 2.5, 10.25, 8.5 ],
            "to": [ 2.75, 10.5, 8.75 ],
            "faces": {
                "down":  { "uv": [ 13.5, 8.75, 13.25, 8.5 ], "texture": "#texture" },
                "north": { "uv": [ 13.25, 5.5, 13.5, 5.75 ], "texture": "#texture" },
                "south": { "uv": [ 2.5, 5.5, 2.75, 5.75 ], "texture": "#texture" },
                "east":  { "uv": [ 7.25, 5.5, 7.5, 5.75 ], "texture": "#texture" }
            }
        },
        {
            "__comment": "Blaster",
            "from": [ 2.75, 11, 8 ],
            "to": [ 11.5, 11.25, 9.25 ],
            "faces": {
                "north": { "uv": [ 4.5, 4.75, 13.25, 5 ], "texture": "#texture" },
                "south": { "uv": [ 2.75, 4.75, 11.5, 5 ], "texture": "#texture" },
                "east":  { "uv": [ 0, 12, 2, 12.5 ], "texture": "#texture" }
            }
        },
        {
            "__comment": "Blaster",
            "from": [ 2.75, 10.5, 8.25 ],
            "to": [ 11.5, 10.75, 9.25 ],
            "faces": {
                "down":  { "uv": [ 13.25, 9.25, 4.5, 8.25 ], "texture": "#texture" },
                "north": { "uv": [ 4.5, 5.25, 13.25, 5.5 ], "texture": "#texture" },
                "south": { "uv": [ 2.75, 5.25, 11.5, 5.5 ], "texture": "#texture" },
                "east":  { "uv": [ 6.75, 5.25, 7.75, 5.5 ], "texture": "#texture" }
            }
        },
        {
            "__comment": "Blaster",
            "from": [ 2.75, 11.5, 8.25 ],
            "to": [ 11.5, 11.75, 9 ],
            "faces": {
                "up":    { "uv": [ 2.75, 8.25, 11.5, 9 ], "texture": "#texture" },
                "north": { "uv": [ 4.5, 4.25, 13.25, 4.5 ], "texture": "#texture" },
                "south": { "uv": [ 2.75, 4.25, 11.5, 4.5 ], "texture": "#texture" },
                "east":  { "uv": [ 7, 4.25, 7.75, 4.5 ], "texture": "#texture" }
            }
        },
        {
            "__comment": "Blaster",
            "from": [ 4, 6.75, 6.5 ],
            "to": [ 4.25, 7.25, 8 ],
            "faces": {
                "down":  { "uv": [ 2.5, 5, 0, 4 ], "texture": "#texture" },
                "north": { "uv": [ 0, 0, 2.5, 5 ], "texture": "#texture" },
                "south": { "uv": [ 0, 0, 2.5, 5 ], "texture": "#texture" },
                "east":  { "uv": [ 0, 0, 1, 5 ], "texture": "#texture" }
            }
        },
        {
            "__comment": "Blaster",
            "from": [ 4, 10.25, 7.75 ],
            "to": [ 7.5, 10.5, 9 ],
            "faces": {
                "down":  { "uv": [ 12, 9, 8.5, 7.75 ], "texture": "#texture" },
                "up":    { "uv": [ 4, 7.75, 7.5, 9 ], "texture": "#texture" },
                "south": { "uv": [ 4, 5.5, 7.5, 5.75 ], "texture": "#texture" },
                "west":  { "uv": [ 7.75, 5.5, 9, 5.75 ], "texture": "#texture" },
                "east":  { "uv": [ 7, 5.5, 8.25, 5.75 ], "texture": "#texture" }
            }
        },
        {
            "__comment": "Blaster",
            "from": [ 4, 10.5, 7.75 ],
            "to": [ 7.75, 10.75, 8.25 ],
            "faces": {
                "down":  { "uv": [ 12, 8.25, 8.25, 7.75 ], "texture": "#texture" },
                "up":    { "uv": [ 4, 7.75, 7.75, 8.25 ], "texture": "#texture" },
                "west":  { "uv": [ 7.75, 5.25, 8.25, 5.5 ], "texture": "#texture" },
                "east":  { "uv": [ 7.75, 5.25, 8.25, 5.5 ], "texture": "#texture" }
            }
        },
        {
            "__comment": "Blaster",
            "from": [ 4, 10.75, 7.75 ],
            "to": [ 7.75, 11, 8 ],
            "faces": {
                "up":    { "uv": [ 4, 7.75, 7.75, 8 ], "texture": "#texture" },
                "west":  { "uv": [ 7.75, 5, 8, 5.25 ], "texture": "#texture" },
                "east":  { "uv": [ 8, 5, 8.25, 5.25 ], "texture": "#texture" }
            }
        },
        {
            "__comment": "Blaster",
            "from": [ 4, 8.75, 8 ],
            "to": [ 7.75, 10.25, 8.5 ],
            "faces": {
                "down":  { "uv": [ 12, 8.5, 8.25, 8 ], "texture": "#texture" },
                "up":    { "uv": [ 4, 8, 7.75, 8.5 ], "texture": "#texture" },
                "south": { "uv": [ 4, 5.75, 7.75, 7.25 ], "texture": "#texture" },
                "west":  { "uv": [ 8, 5.75, 8.5, 7.25 ], "texture": "#texture" },
                "east":  { "uv": [ 7.5, 5.75, 8, 7.25 ], "texture": "#texture" }
            }
        },
        {
            "__comment": "Blaster",
            "from": [ 4, 11.5, 8 ],
            "to": [ 7.5, 11.75, 8.25 ],
            "faces": {
                "up":    { "uv": [ 4, 8, 7.5, 8.25 ], "texture": "#texture" },
                "north": { "uv": [ 8.5, 4.25, 12, 4.5 ], "texture": "#texture" },
                "west":  { "uv": [ 8, 4.25, 8.25, 4.5 ], "texture": "#texture" },
                "east":  { "uv": [ 7.75, 4.25, 8, 4.5 ], "texture": "#texture" }
            }
        },
        {
            "__comment": "Blaster",
            "from": [ 4, 11.5, 9 ],
            "to": [ 7.5, 11.75, 9.25 ],
            "faces": {
                "up":    { "uv": [ 4, 9, 7.5, 9.25 ], "texture": "#texture" },
                "south": { "uv": [ 4, 4.25, 7.5, 4.5 ], "texture": "#texture" },
                "west":  { "uv": [ 9, 4.25, 9.25, 4.5 ], "texture": "#texture" },
                "east":  { "uv": [ 6.75, 4.25, 7, 4.5 ], "texture": "#texture" }
            }
        },
        {
            "__comment": "Blaster",
            "from": [ 4, 10.75, 9.25 ],
            "to": [ 7.5, 11.5, 9.5 ],
            "faces": {
                "down":  { "uv": [ 12, 9.5, 8.5, 9.25 ], "texture": "#texture" },
                "up":    { "uv": [ 4, 9.25, 7.5, 9.5 ], "texture": "#texture" },
                "north": { "uv": [ 8.5, 4.5, 12, 5.25 ], "texture": "#texture" },
                "south": { "uv": [ 4, 4.5, 7.5, 5.25 ], "texture": "#texture" },
                "west":  { "uv": [ 9.25, 4.5, 9.5, 5.25 ], "texture": "#texture" },
                "east":  { "uv": [ 6.5, 4.5, 6.75, 5.25 ], "texture": "#texture" }
            }
        },
        {
            "__comment": "Blaster",
            "from": [ 4.25, 7.75, 6.5 ],
            "to": [ 5, 8.5, 8 ],
            "faces": {
                "down":  { "uv": [ 11.75, 8, 11, 6.5 ], "texture": "#texture" },
                "north": { "uv": [ 11, 7.5, 11.75, 8.25 ], "texture": "#texture" },
                "south": { "uv": [ 4.25, 7.5, 5, 8.25 ], "texture": "#texture" },
                "east":  { "uv": [ 8, 7.5, 9.5, 8.25 ], "texture": "#texture" }
            }
        },
        {
            "__comment": "Blaster",
            "from": [ 4.25, 11, 7.75 ],
            "to": [ 7.25, 11.5, 8 ],
            "faces": {
                "up":    { "uv": [ 14, 0, 16, 0.5 ], "texture": "#texture" },
                "north": { "uv": [ 14, 0, 16, 0.5 ], "texture": "#texture" },
                "south": { "uv": [ 14, 0, 16, 0.5 ], "texture": "#texture" },
                "west":  { "uv": [ 15.5, 0, 16, 0.5 ], "texture": "#texture" },
                "east":  { "uv": [ 15.5, 0, 16, 0.5 ], "texture": "#texture" }
            }
        },
        {
            "__comment": "Blaster",
            "from": [ 4.25, 11.75, 8.25 ],
            "to": [ 7.25, 12, 9 ],
            "faces": {
                "up":    { "uv": [ 14, 0, 16, 0.5 ], "texture": "#texture" },
                "north": { "uv": [ 14, 0, 16, 0.5 ], "texture": "#texture" },
                "south": { "uv": [ 14, 0, 16, 0.5 ], "texture": "#texture" },
                "west":  { "uv": [ 15.5, 0, 16, 0.5 ], "texture": "#texture" },
                "east":  { "uv": [ 15.5, 0, 16, 0.5 ], "texture": "#texture" }
            }
        },
        {
            "__comment": "Blaster",
            "from": [ 4.25, 10, 8.5 ],
            "to": [ 7.25, 10.25, 8.75 ],
            "faces": {
                "down":  { "uv": [ 11.75, 8.75, 8.75, 8.5 ], "texture": "#texture" },
                "south": { "uv": [ 4.25, 5.75, 7.25, 6 ], "texture": "#texture" },
                "west":  { "uv": [ 8.5, 5.75, 8.75, 6 ], "texture": "#texture" },
                "east":  { "uv": [ 7.25, 5.75, 7.5, 6 ], "texture": "#texture" }
            }
        },
        {
            "__comment": "Blaster",
            "from": [ 4.25, 10.25, 9 ],
            "to": [ 7.25, 10.5, 9.5 ],
            "faces": {
                "down":  { "uv": [ 16, 0, 14, 0.5 ], "texture": "#texture" },
                "up":    { "uv": [ 14, 0, 16, 0.5 ], "texture": "#texture" },
                "south": { "uv": [ 14, 0, 16, 0.5 ], "texture": "#texture" },
                "west":  { "uv": [ 15.5, 0, 16, 0.5 ], "texture": "#texture" },
                "east":  { "uv": [ 15.5, 0, 16, 0.5 ], "texture": "#texture" }
            }
        },
        {
            "__comment": "Blaster",
            "from": [ 4.25, 10.5, 9.25 ],
            "to": [ 7.25, 10.75, 9.5 ],
            "faces": {
                "south": { "uv": [ 14, 0, 16, 0.5 ], "texture": "#texture" },
                "west":  { "uv": [ 15.5, 0, 16, 0.5 ], "texture": "#texture" },
                "east":  { "uv": [ 15.5, 0, 16, 0.5 ], "texture": "#texture" }
            }
        },
        {
            "__comment": "Blaster",
            "from": [ 4.25, 11.5, 9.25 ],
            "to": [ 7.25, 11.75, 9.5 ],
            "faces": {
                "up":    { "uv": [ 14, 0, 16, 0.5 ], "texture": "#texture" },
                "south": { "uv": [ 14, 0, 16, 0.5 ], "texture": "#texture" },
                "west":  { "uv": [ 15.5, 0, 16, 0.5 ], "texture": "#texture" },
                "east":  { "uv": [ 15.5, 0, 16, 0.5 ], "texture": "#texture" }
            }
        },
        {
            "__comment": "Blaster",
            "from": [ 4.25, 11, 9.5 ],
            "to": [ 7.25, 11.25, 9.75 ],
            "faces": {
                "down":  { "uv": [ 16, 0, 14, 0.5 ], "texture": "#texture" },
                "up":    { "uv": [ 14, 0, 16, 0.5 ], "texture": "#texture" },
                "south": { "uv": [ 14, 0, 16, 0.5 ], "texture": "#texture" },
                "west":  { "uv": [ 15.5, 0, 16, 0.5 ], "texture": "#texture" },
                "east":  { "uv": [ 15.5, 0, 16, 0.5 ], "texture": "#texture" }
            }
        },
        {
            "__comment": "Blaster",
            "from": [ 4.5, 7.5, 6.5 ],
            "to": [ 5, 7.75, 8 ],
            "faces": {
                "down":  { "uv": [ 11.5, 8, 11, 6.5 ], "texture": "#texture" },
                "north": { "uv": [ 11, 8.25, 11.5, 8.5 ], "texture": "#texture" },
                "south": { "uv": [ 4.5, 8.25, 5, 8.5 ], "texture": "#texture" },
                "west":  { "uv": [ 6.5, 8.25, 8, 8.5 ], "texture": "#texture" },
                "east":  { "uv": [ 8, 8.25, 9.5, 8.5 ], "texture": "#texture" }
            }
        },
        {
            "__comment": "Blaster",
            "from": [ 4.5, 11.5, 7.75 ],
            "to": [ 7, 11.75, 8 ],
            "faces": {
                "up":    { "uv": [ 14, 0, 16, 0.5 ], "texture": "#texture" },
                "north": { "uv": [ 14, 0, 16, 0.5 ], "texture": "#texture" },
                "west":  { "uv": [ 15.5, 0, 16, 0.5 ], "texture": "#texture" },
                "east":  { "uv": [ 15.5, 0, 16, 0.5 ], "texture": "#texture" }
            }
        },
        {
            "__comment": "Blaster",
            "from": [ 4.5, 11.75, 8 ],
            "to": [ 7, 12, 8.25 ],
            "faces": {
                "up":    { "uv": [ 14, 0, 16, 0.5 ], "texture": "#texture" },
                "north": { "uv": [ 14, 0, 16, 0.5 ], "texture": "#texture" },
                "west":  { "uv": [ 15.5, 0, 16, 0.5 ], "texture": "#texture" },
                "east":  { "uv": [ 15.5, 0, 16, 0.5 ], "texture": "#texture" }
            }
        },
        {
            "__comment": "Blaster",
            "from": [ 4.5, 10, 8.75 ],
            "to": [ 7, 10.25, 9 ],
            "faces": {
                "down":  { "uv": [ 11.5, 9, 9, 8.75 ], "texture": "#texture" },
                "south": { "uv": [ 4.5, 5.75, 7, 6 ], "texture": "#texture" },
                "west":  { "uv": [ 8.75, 5.75, 9, 6 ], "texture": "#texture" },
                "east":  { "uv": [ 7, 5.75, 7.25, 6 ], "texture": "#texture" }
            }
        },
        {
            "__comment": "Blaster",
            "from": [ 4.5, 11.75, 9 ],
            "to": [ 7.25, 12, 9.25 ],
            "faces": {
                "up":    { "uv": [ 14, 0, 16, 0.5 ], "texture": "#texture" },
                "south": { "uv": [ 14, 0, 16, 0.5 ], "texture": "#texture" },
                "west":  { "uv": [ 15.5, 0, 16, 0.5 ], "texture": "#texture" },
                "east":  { "uv": [ 15.5, 0, 16, 0.5 ], "texture": "#texture" }
            }
        },
        {
            "__comment": "Blaster",
            "from": [ 4.5, 10.75, 9.5 ],
            "to": [ 7, 11, 9.75 ],
            "faces": {
                "down":  { "uv": [ 16, 0, 14, 0.5 ], "texture": "#texture" },
                "south": { "uv": [ 14, 0, 16, 0.5 ], "texture": "#texture" },
                "west":  { "uv": [ 15.5, 0, 16, 0.5 ], "texture": "#texture" },
                "east":  { "uv": [ 15.5, 0, 16, 0.5 ], "texture": "#texture" }
            }
        },
        {
            "__comment": "Blaster",
            "from": [ 4.5, 11.25, 9.5 ],
            "to": [ 7, 11.5, 9.75 ],
            "faces": {
                "up":    { "uv": [ 14, 0, 16, 0.5 ], "texture": "#texture" },
                "south": { "uv": [ 14, 0, 16, 0.5 ], "texture": "#texture" },
                "west":  { "uv": [ 15.5, 0, 16, 0.5 ], "texture": "#texture" },
                "east":  { "uv": [ 15.5, 0, 16, 0.5 ], "texture": "#texture" }
            }
        },
        {
            "__comment": "Blaster",
            "from": [ 4.75, 7, 6.5 ],
            "to": [ 5.25, 7.5, 8 ],
            "faces": {
                "down":  { "uv": [ 11.25, 8, 10.75, 6.5 ], "texture": "#texture" },
                "up":    { "uv": [ 4.75, 6.5, 5.25, 8 ], "texture": "#texture" },
                "north": { "uv": [ 10.75, 8.5, 11.25, 9 ], "texture": "#texture" },
                "south": { "uv": [ 4.75, 8.5, 5.25, 9 ], "texture": "#texture" },
                "west":  { "uv": [ 6.5, 8.5, 8, 9 ], "texture": "#texture" },
                "east":  { "uv": [ 8, 8.5, 9.5, 9 ], "texture": "#texture" }
            }
        },
        {
            "__comment": "Blaster",
            "from": [ 5, 6.75, 6.5 ],
            "to": [ 9.25, 7, 8 ],
            "faces": {
                "down":  { "uv": [ 11, 8, 6.75, 6.5 ], "texture": "#texture" },
                "up":    { "uv": [ 5, 6.5, 9.25, 8 ], "texture": "#texture" },
                "north": { "uv": [ 6.75, 9, 11, 9.25 ], "texture": "#texture" },
                "south": { "uv": [ 5, 9, 9.25, 9.25 ], "texture": "#texture" },
                "west":  { "uv": [ 6.5, 9, 8, 9.25 ], "texture": "#texture" },
                "east":  { "uv": [ 8, 9, 9.5, 9.25 ], "texture": "#texture" }
            }
        },
        {
            "__comment": "Blaster",
            "from": [ 5, 8, 6.5 ],
            "to": [ 9.25, 8.5, 8 ],
            "faces": {
                "down":  { "uv": [ 11, 8, 6.75, 6.5 ], "texture": "#texture" },
                "north": { "uv": [ 6.75, 7.5, 11, 8 ], "texture": "#texture" },
                "south": { "uv": [ 5, 7.5, 9.25, 8 ], "texture": "#texture" },
                "east":  { "uv": [ 8, 7.5, 9.5, 8 ], "texture": "#texture" }
            }
        },
        {
            "__comment": "Blaster",
            "from": [ 5.25, 7, 6.5 ],
            "to": [ 5.5, 7.25, 8 ],
            "faces": {
                "up":    { "uv": [ 5.25, 6.5, 5.5, 8 ], "texture": "#texture" },
                "north": { "uv": [ 10.5, 8.75, 10.75, 9 ], "texture": "#texture" },
                "south": { "uv": [ 5.25, 8.75, 5.5, 9 ], "texture": "#texture" },
                "east":  { "uv": [ 8, 8.75, 9.5, 9 ], "texture": "#texture" }
            }
        },
        {
            "__comment": "Blaster",
            "from": [ 6.5, 6.5, 6.5 ],
            "to": [ 9.25, 6.75, 8 ],
            "faces": {
                "down":  { "uv": [ 9.5, 8, 6.75, 6.5 ], "texture": "#texture" },
                "north": { "uv": [ 6.75, 9.25, 9.5, 9.5 ], "texture": "#texture" },
                "south": { "uv": [ 6.5, 9.25, 9.25, 9.5 ], "texture": "#texture" },
                "west":  { "uv": [ 6.5, 9.25, 8, 9.5 ], "texture": "#texture" },
                "east":  { "uv": [ 8, 9.25, 9.5, 9.5 ], "texture": "#texture" }
            }
        },
        {
            "__comment": "Blaster",
            "from": [ 6.5, 7, 6.5 ],
            "to": [ 9.25, 8, 8 ],
            "faces": {
                "north": { "uv": [ 6.75, 8, 9.5, 9 ], "texture": "#texture" },
                "south": { "uv": [ 6.5, 8, 9.25, 9 ], "texture": "#texture" },
                "west":  { "uv": [ 6.5, 8, 8, 9 ], "texture": "#texture" },
                "east":  { "uv": [ 8, 8, 9.5, 9 ], "texture": "#texture" }
            }
        },
        {
            "__comment": "Blaster",
            "from": [ 7.25, 11, 7.75 ],
            "to": [ 7.5, 11.25, 8 ],
            "faces": {
                "up":    { "uv": [ 7.25, 7.75, 7.5, 8 ], "texture": "#texture" },
                "north": { "uv": [ 8.5, 4.75, 8.75, 5 ], "texture": "#texture" },
                "east":  { "uv": [ 8, 4.75, 8.25, 5 ], "texture": "#texture" }
            }
        },
        {
            "__comment": "Blaster",
            "from": [ 7.25, 11.75, 8.5 ],
            "to": [ 7.5, 12, 8.75 ],
            "faces": {
                "up":    { "uv": [ 7.25, 8.5, 7.5, 8.75 ], "texture": "#texture" },
                "north": { "uv": [ 8.5, 4, 8.75, 4.25 ], "texture": "#texture" },
                "south": { "uv": [ 7.25, 4, 7.5, 4.25 ], "texture": "#texture" },
                "east":  { "uv": [ 7.25, 4, 7.5, 4.25 ], "texture": "#texture" }
            }
        },
        {
            "__comment": "Blaster",
            "from": [ 7.5, 10.25, 7.75 ],
            "to": [ 7.75, 10.5, 8.5 ],
            "faces": {
                "down":  { "uv": [ 8.5, 8.5, 8.25, 7.75 ], "texture": "#texture" },
                "up":    { "uv": [ 7.5, 7.75, 7.75, 8.5 ], "texture": "#texture" },
                "south": { "uv": [ 7.5, 5.5, 7.75, 5.75 ], "texture": "#texture" },
                "east":  { "uv": [ 7.5, 5.5, 8.25, 5.75 ], "texture": "#texture" }
            }
        },
        {
            "__comment": "Blaster",
            "from": [ 8.5, 7, 6.25 ],
            "to": [ 8.75, 9.75, 6.5 ],
            "faces": {
                "down":  { "uv": [ 7.5, 6.5, 7.25, 6.25 ], "texture": "#texture" },
                "up":    { "uv": [ 8.5, 6.25, 8.75, 6.5 ], "texture": "#texture" },
                "north": { "uv": [ 7.25, 6.25, 7.5, 9 ], "texture": "#texture" },
                "south": { "uv": [ 8.5, 6.25, 8.75, 9 ], "texture": "#texture" },
                "west":  { "uv": [ 6.25, 6.25, 6.5, 9 ], "texture": "#texture" },
                "east":  { "uv": [ 9.5, 6.25, 9.75, 9 ], "texture": "#texture" }
            }
        },
        {
            "__comment": "Blaster",
            "from": [ 8.5, 7, 8 ],
            "to": [ 9, 9.75, 8.25 ],
            "faces": {
                "down":  { "uv": [ 7.5, 8.25, 7, 8 ], "texture": "#texture" },
                "up":    { "uv": [ 8.5, 8, 9, 8.25 ], "texture": "#texture" },
                "north": { "uv": [ 7, 6.25, 7.5, 9 ], "texture": "#texture" },
                "south": { "uv": [ 8.5, 6.25, 9, 9 ], "texture": "#texture" },
                "west":  { "uv": [ 8, 6.25, 8.25, 9 ], "texture": "#texture" },
                "east":  { "uv": [ 7.75, 6.25, 8, 9 ], "texture": "#texture" }
            }
        },
        {
            "__comment": "Blaster",
            "from": [ 9.25, 7, 6.75 ],
            "to": [ 9.5, 9.75, 7.75 ],
            "faces": {
                "down":  { "uv": [ 6.75, 7.75, 6.5, 6.75 ], "texture": "#texture" },
                "up":    { "uv": [ 9.25, 6.75, 9.5, 7.75 ], "texture": "#texture" },
                "north": { "uv": [ 6.5, 6.25, 6.75, 9 ], "texture": "#texture" },
                "south": { "uv": [ 9.25, 6.25, 9.5, 9 ], "texture": "#texture" },
                "west":  { "uv": [ 6.75, 6.25, 7.75, 9 ], "texture": "#texture" },
                "east":  { "uv": [ 8.25, 6.25, 9.25, 9 ], "texture": "#texture" }
            }
        },
        {
            "__comment": "RHJvb2JsZWRvcmVMTEM=",
            "from": [ 9.25, 10, 6.75 ],
            "to": [ 16, 10.5, 7.75 ],
            "faces": {
                "down":  { "uv": [ 5, 16, 16, 15.5 ], "texture": "#texture" },
                "up":    { "uv": [ 4.5, 14, 16, 14.5 ], "texture": "#texture" },
                "north": { "uv": [ 16, 15, 4, 15.5 ], "texture": "#texture" },
                "south": { "uv": [ 4, 14, 16, 14.5 ], "texture": "#texture" },
                "west":  { "uv": [ 5, 15.5, 16, 16 ], "texture": "#texture" },
                "east":  { "uv": [ 0, 15.5, 1, 16 ], "texture": "#texture", "cullface": "east" }
            }
        },
        {
            "__comment": "Blaster",
            "from": [ 9.25, 9.75, 7 ],
            "to": [ 16, 10, 7.5 ],
            "faces": {
                "down":  { "uv": [ 5, 16, 16, 15.5 ], "texture": "#texture" },
                "north": { "uv": [ 16, 14, 4, 14.5 ], "texture": "#texture" },
                "south": { "uv": [ 4, 14, 16, 14.5 ], "texture": "#texture" },
                "east":  { "uv": [ 0, 15.5, 1, 16 ], "texture": "#texture", "cullface": "east" }
            }
        },
        {
            "__comment": "Blaster",
            "from": [ 9.25, 10.5, 7 ],
            "to": [ 16, 10.75, 7.75 ],
            "faces": {
                "up":    { "uv": [ 4.5, 14, 16, 14.5 ], "texture": "#texture" },
                "north": { "uv": [ 16, 14, 4, 14.5 ], "texture": "#texture" },
                "south": { "uv": [ 4, 14, 16, 14.5 ], "texture": "#texture" },
                "east":  { "uv": [ 0.5, 16, 0, 14.5 ], "rotation": 90, "texture": "#texture", "cullface": "east" }
            }
        },
        {
            "__comment": "Blaster",
            "from": [ 11.25, 9.75, 6.5 ],
            "to": [ 13.5, 10, 7 ],
            "faces": {
                "down":  { "uv": [ 16, 16, 15, 15.5 ], "texture": "#texture" },
                "up":    { "uv": [ 15, 14, 16, 14.5 ], "texture": "#texture" },
                "north": { "uv": [ 14, 15.5, 16, 16 ], "texture": "#texture" },
                "west":  { "uv": [ 14.5, 15.5, 16, 16 ], "texture": "#texture" },
                "east":  { "uv": [ 14.5, 15.5, 16, 16 ], "texture": "#texture" }
            }
        },
        {
            "__comment": "Blaster",
            "from": [ 11.25, 10, 6.5 ],
            "to": [ 13.5, 10.75, 6.75 ],
            "faces": {
                "up":    { "uv": [ 15, 14, 16, 14.5 ], "texture": "#texture" },
                "north": { "uv": [ 14, 14.5, 16, 15.5 ], "texture": "#texture" },
                "south": { "uv": [ 14, 14.5, 16, 15.5 ], "texture": "#texture" },
                "west":  { "uv": [ 14.5, 14.5, 16, 15.5 ], "texture": "#texture" },
                "east":  { "uv": [ 14.5, 14.5, 16, 15.5 ], "texture": "#texture" }
            }
        },
        {
            "__comment": "Blaster",
            "from": [ 11.25, 9.5, 6.75 ],
            "to": [ 13.5, 9.75, 7.75 ],
            "faces": {
                "down":  { "uv": [ 16, 16, 15, 15.5 ], "texture": "#texture" },
                "up":    { "uv": [ 15, 14, 16, 14.5 ], "texture": "#texture" },
                "north": { "uv": [ 13.5, 15.5, 16, 16 ], "texture": "#texture" },
                "south": { "uv": [ 13.5, 15.5, 16, 16 ], "texture": "#texture" },
                "west":  { "uv": [ 14.5, 15.5, 16, 16 ], "texture": "#texture" },
                "east":  { "uv": [ 14.5, 15.5, 16, 16 ], "texture": "#texture" }
            }
        },
        {
            "__comment": "Blaster",
            "from": [ 11.25, 10.5, 6.75 ],
            "to": [ 13.5, 11, 7 ],
            "faces": {
                "up":    { "uv": [ 15, 14, 16, 14.5 ], "texture": "#texture" },
                "north": { "uv": [ 15, 14, 16, 14.5 ], "texture": "#texture" },
                "south": { "uv": [ 15, 14, 16, 14.5 ], "texture": "#texture" },
                "west":  { "uv": [ 15.5, 14, 16, 14.5 ], "texture": "#texture" },
                "east":  { "uv": [ 15.5, 14, 16, 14.5 ], "texture": "#texture" }
            }
        },
        {
            "__comment": "Blaster",
            "from": [ 11.25, 10.75, 7 ],
            "to": [ 13.5, 11, 8 ],
            "faces": {
                "down":  { "uv": [ 16, 16, 15, 15.5 ], "texture": "#texture" },
                "up":    { "uv": [ 15, 14, 16, 14.5 ], "texture": "#texture" },
                "south": { "uv": [ 15, 14, 16, 14.5 ], "texture": "#texture" },
                "west":  { "uv": [ 15.5, 14, 16, 14.5 ], "texture": "#texture" },
                "east":  { "uv": [ 15.5, 14, 16, 14.5 ], "texture": "#texture" }
            }
        },
        {
            "__comment": "Blaster",
            "from": [ 11.25, 9.75, 7.5 ],
            "to": [ 13.5, 10, 8 ],
            "faces": {
                "down":  { "uv": [ 16, 16, 15, 15.5 ], "texture": "#texture" },
                "up":    { "uv": [ 15, 14, 16, 14.5 ], "texture": "#texture" },
                "south": { "uv": [ 13.5, 15.5, 16, 16 ], "texture": "#texture" },
                "west":  { "uv": [ 14.5, 15.5, 16, 16 ], "texture": "#texture" },
                "east":  { "uv": [ 14.5, 15.5, 16, 16 ], "texture": "#texture" }
            }
        },
        {
            "__comment": "Blaster",
            "from": [ 11.25, 10, 7.75 ],
            "to": [ 13.5, 10.75, 8 ],
            "faces": {
                "north": { "uv": [ 15, 14.5, 16, 15.5 ], "texture": "#texture" },
                "south": { "uv": [ 15, 14.5, 16, 15.5 ], "texture": "#texture" },
                "west":  { "uv": [ 14.5, 14.5, 16, 15.5 ], "texture": "#texture" },
                "east":  { "uv": [ 14.5, 14.5, 16, 15.5 ], "texture": "#texture" }
            }
        },
        {
            "__comment": "Blaster",
            "from": [ 11.5, 10.75, 6.5 ],
            "to": [ 13.5, 11, 6.75 ],
            "faces": {
                "up":    { "uv": [ 15, 14, 16, 14.5 ], "texture": "#texture" },
                "north": { "uv": [ 15, 14, 16, 14.5 ], "texture": "#texture" },
                "west":  { "uv": [ 15.5, 14, 16, 14.5 ], "texture": "#texture" },
                "east":  { "uv": [ 15.5, 14, 16, 14.5 ], "texture": "#texture" }
            }
        },
        {
            "__comment": "Blaster",
            "from": [ 11.5, 11, 7.25 ],
            "to": [ 13.5, 11.25, 7.5 ],
            "faces": {
                "up":    { "uv": [ 15, 14, 16, 14.5 ], "texture": "#texture" },
                "north": { "uv": [ 15, 14, 16, 14.5 ], "texture": "#texture" },
                "south": { "uv": [ 15, 14, 16, 14.5 ], "texture": "#texture" },
                "west":  { "uv": [ 15.5, 14, 16, 14.5 ], "texture": "#texture" },
                "east":  { "uv": [ 15.5, 14, 16, 14.5 ], "texture": "#texture" }
            }
        },
        {
            "__comment": "Blaster",
            "from": [ 11.75, 11, 7 ],
            "to": [ 13.5, 11.25, 7.25 ],
            "faces": {
                "up":    { "uv": [ 15, 14, 16, 14.5 ], "texture": "#texture" },
                "north": { "uv": [ 15, 14, 16, 14.5 ], "texture": "#texture" },
                "west":  { "uv": [ 15.5, 14, 16, 14.5 ], "texture": "#texture" },
                "east":  { "uv": [ 15.5, 14, 16, 14.5 ], "texture": "#texture" }
            }
        },
        {
            "__comment": "Blaster",
            "from": [ 11.75, 10.25, 8 ],
            "to": [ 13.5, 10.5, 8.25 ],
            "faces": {
                "down":  { "uv": [ 16, 16, 15, 15.5 ], "texture": "#texture" },
                "up":    { "uv": [ 15, 14, 16, 14.5 ], "texture": "#texture" },
                "south": { "uv": [ 15, 14.5, 16, 15.5 ], "texture": "#texture" },
                "west":  { "uv": [ 14.5, 14.5, 16, 15.5 ], "texture": "#texture" },
                "east":  { "uv": [ 14.5, 14.5, 16, 15.5 ], "texture": "#texture" }
            }
        },
        {
            "__comment": "Blaster",
            "from": [ 12.5, 9.5, 7.75 ],
            "to": [ 13.5, 9.75, 8 ],
            "faces": {
                "down":  { "uv": [ 16, 16, 15, 15.5 ], "texture": "#texture" },
                "south": { "uv": [ 13.5, 15.5, 16, 16 ], "texture": "#texture" },
                "west":  { "uv": [ 14.5, 15.5, 16, 16 ], "texture": "#texture" },
                "east":  { "uv": [ 14.5, 15.5, 16, 16 ], "texture": "#texture" }
            }
        },
        {
            "__comment": "Blaster",
            "from": [ 12.75, 10.25, 6.25 ],
            "to": [ 13.5, 10.5, 6.5 ],
            "faces": {
                "down":  { "uv": [ 16, 16, 15, 15.5 ], "texture": "#texture" },
                "up":    { "uv": [ 15, 14, 16, 14.5 ], "texture": "#texture" },
                "north": { "uv": [ 14, 14.5, 16, 15.5 ], "texture": "#texture" },
                "west":  { "uv": [ 14.5, 14.5, 16, 15.5 ], "texture": "#texture" },
                "east":  { "uv": [ 14.5, 14.5, 16, 15.5 ], "texture": "#texture" }
            }
        },
        {
            "__comment": "Blaster",
            "from": [ 12.75, 10, 8 ],
            "to": [ 13.5, 10.25, 8.25 ],
            "faces": {
                "down":  { "uv": [ 16, 16, 15, 15.5 ], "texture": "#texture" },
                "south": { "uv": [ 15, 14.5, 16, 15.5 ], "texture": "#texture" },
                "west":  { "uv": [ 14.5, 14.5, 16, 15.5 ], "texture": "#texture" },
                "east":  { "uv": [ 14.5, 14.5, 16, 15.5 ], "texture": "#texture" }
            }
        },
        {
            "__comment": "Blaster",
            "from": [ 13, 9.5, 6.5 ],
            "to": [ 13.5, 9.75, 6.75 ],
            "faces": {
                "down":  { "uv": [ 16, 16, 15, 15.5 ], "texture": "#texture" },
                "north": { "uv": [ 13.5, 15.5, 16, 16 ], "texture": "#texture" },
                "west":  { "uv": [ 14.5, 15.5, 16, 16 ], "texture": "#texture" },
                "east":  { "uv": [ 14.5, 15.5, 16, 16 ], "texture": "#texture" }
            }
        },
        {
            "__comment": "Blaster",
            "from": [ 13.5, 10, 6.5 ],
            "to": [ 13.75, 10.5, 6.75 ],
            "faces": {
                "down":  { "uv": [ 16, 16, 15, 15.5 ], "texture": "#texture" },
                "up":    { "uv": [ 15, 14, 16, 14.5 ], "texture": "#texture" },
                "north": { "uv": [ 14, 14.5, 16, 15.5 ], "texture": "#texture" },
                "east":  { "uv": [ 14.5, 14.5, 16, 15.5 ], "texture": "#texture" }
            }
        },
        {
            "__comment": "Blaster",
            "from": [ 13.5, 9.75, 6.75 ],
            "to": [ 16, 10, 7 ],
            "faces": {
                "down":  { "uv": [ 16, 16, 15, 15.5 ], "texture": "#texture" },
                "north": { "uv": [ 14, 15.5, 16, 16 ], "texture": "#texture" },
                "east":  { "uv": [ 14.5, 15.5, 16, 16 ], "texture": "#texture", "cullface": "east" }
            }
        },
        {
            "__comment": "Blaster",
            "from": [ 13.5, 10.5, 6.75 ],
            "to": [ 16, 10.75, 7 ],
            "faces": {
                "up":    { "uv": [ 15, 14, 16, 14.5 ], "texture": "#texture" },
                "north": { "uv": [ 14, 14.5, 16, 15.5 ], "texture": "#texture" },
                "east":  { "uv": [ 14.5, 14.5, 16, 15.5 ], "texture": "#texture", "cullface": "east" }
            }
        },
        {
            "__comment": "Blaster",
            "from": [ 13.5, 10.75, 7 ],
            "to": [ 16, 11, 7.5 ],
            "faces": {
                "up":    { "uv": [ 15, 14, 16, 14.5 ], "texture": "#texture" },
                "north": { "uv": [ 15, 14, 16, 14.5 ], "texture": "#texture" },
                "south": { "uv": [ 15, 14, 16, 14.5 ], "texture": "#texture" },
                "east":  { "uv": [ 15.5, 14, 16, 14.5 ], "texture": "#texture", "cullface": "east" }
            }
        },
        {
            "__comment": "Blaster",
            "from": [ 13.5, 9.75, 7.5 ],
            "to": [ 16, 10, 7.75 ],
            "faces": {
                "down":  { "uv": [ 16, 16, 15, 15.5 ], "texture": "#texture" },
                "south": { "uv": [ 13.5, 15.5, 16, 16 ], "texture": "#texture" },
                "east":  { "uv": [ 14.5, 15.5, 16, 16 ], "texture": "#texture", "cullface": "east" }
            }
        },
        {
            "__comment": "Blaster",
            "from": [ 13.5, 10, 7.75 ],
            "to": [ 16, 10.5, 8 ],
            "faces": {
                "down":  { "uv": [ 16, 16, 15, 15.5 ], "texture": "#texture" },
                "up":    { "uv": [ 15, 14, 16, 14.5 ], "texture": "#texture" },
                "south": { "uv": [ 15, 14.5, 16, 15.5 ], "texture": "#texture" },
                "east":  { "uv": [ 14.5, 14.5, 16, 15.5 ], "texture": "#texture", "cullface": "east" }
            }
        },
        {
            "__comment": "Blaster",
            "from": [ 13.75, 10.25, 6.5 ],
            "to": [ 16, 10.5, 6.75 ],
            "faces": {
                "down":  { "uv": [ 16, 16, 15, 15.5 ], "texture": "#texture" },
                "up":    { "uv": [ 15, 14, 16, 14.5 ], "texture": "#texture" },
                "north": { "uv": [ 14, 14.5, 16, 15.5 ], "texture": "#texture" },
                "east":  { "uv": [ 14.5, 14.5, 16, 15.5 ], "texture": "#texture", "cullface": "east" }
            }
        },
        {
            "__comment": "Blaster",
            "from": [ 14, 10, 6.5 ],
            "to": [ 16, 10.25, 6.75 ],
            "faces": {
                "down":  { "uv": [ 16, 16, 15, 15.5 ], "texture": "#texture" },
                "north": { "uv": [ 14, 14.5, 16, 15.5 ], "texture": "#texture" },
                "west":  { "uv": [ 14.5, 14.5, 16, 15.5 ], "texture": "#texture" },
                "east":  { "uv": [ 14.5, 14.5, 16, 15.5 ], "texture": "#texture", "cullface": "east" }
            }
        },
        {
            "__comment": "Blaster",
            "from": [ 14, 10.75, 6.75 ],
            "to": [ 16, 11, 7 ],
            "faces": {
                "up":    { "uv": [ 15, 14, 16, 14.5 ], "texture": "#texture" },
                "north": { "uv": [ 15, 14, 16, 14.5 ], "texture": "#texture" },
                "west":  { "uv": [ 15.5, 14, 16, 14.5 ], "texture": "#texture" },
                "east":  { "uv": [ 15.5, 14, 16, 14.5 ], "texture": "#texture", "cullface": "east" }
            }
        },
        {
            "__comment": "Blaster",
            "from": [ 14, 9.5, 7 ],
            "to": [ 16, 9.75, 7.5 ],
            "faces": {
                "down":  { "uv": [ 16, 16, 15, 15.5 ], "texture": "#texture" },
                "north": { "uv": [ 13.5, 15.5, 16, 16 ], "texture": "#texture" },
                "south": { "uv": [ 13.5, 15.5, 16, 16 ], "texture": "#texture" },
                "west":  { "uv": [ 14.5, 15.5, 16, 16 ], "texture": "#texture" },
                "east":  { "uv": [ 14.5, 15.5, 16, 16 ], "texture": "#texture", "cullface": "east" }
            }
        },
        {
            "__comment": "DroobledoreLLC",
            "from": [ 14, 10.75, 7.5 ],
            "to": [ 16, 11, 7.75 ],
            "faces": {
                "up":    { "uv": [ 15, 14, 16, 14.5 ], "texture": "#texture" },
                "south": { "uv": [ 15, 14, 16, 14.5 ], "texture": "#texture" },
                "west":  { "uv": [ 15.5, 14, 16, 14.5 ], "texture": "#texture" },
                "east":  { "uv": [ 15.5, 14, 16, 14.5 ], "texture": "#texture", "cullface": "east" }
            }
        },
        {
            "__comment": "Blaster",
            "from": [ 14.25, 10.5, 6.5 ],
            "to": [ 16, 10.75, 6.75 ],
            "faces": {
                "up":    { "uv": [ 15, 14, 16, 14.5 ], "texture": "#texture" },
                "north": { "uv": [ 14, 14.5, 16, 15.5 ], "texture": "#texture" },
                "west":  { "uv": [ 14.5, 14.5, 16, 15.5 ], "texture": "#texture" },
                "east":  { "uv": [ 14.5, 14.5, 16, 15.5 ], "texture": "#texture", "cullface": "east" }
            }
        },
        {
            "__comment": "Blaster",
            "from": [ 14.25, 9.75, 7.75 ],
            "to": [ 16, 10, 8 ],
            "faces": {
                "down":  { "uv": [ 16, 16, 15, 15.5 ], "texture": "#texture" },
                "south": { "uv": [ 13.5, 15.5, 16, 16 ], "texture": "#texture" },
                "west":  { "uv": [ 14.5, 15.5, 16, 16 ], "texture": "#texture" },
                "east":  { "uv": [ 14.5, 15.5, 16, 16 ], "texture": "#texture", "cullface": "east" }
            }
        },
        {
            "__comment": "Blaster",
            "from": [ 14.25, 10.5, 7.75 ],
            "to": [ 16, 10.75, 8 ],
            "faces": {
                "up":    { "uv": [ 15, 14, 16, 14.5 ], "texture": "#texture" },
                "south": { "uv": [ 15, 14, 16, 14.5 ], "texture": "#texture" },
                "west":  { "uv": [ 15.5, 14, 16, 14.5 ], "texture": "#texture" },
                "east":  { "uv": [ 15.5, 14, 16, 14.5 ], "texture": "#texture", "cullface": "east" }
            }
        },
        {
            "__comment": "Blaster",
            "from": [ 14.5, 9.75, 6.5 ],
            "to": [ 16, 10, 6.75 ],
            "faces": {
                "down":  { "uv": [ 16, 16, 15, 15.5 ], "texture": "#texture" },
                "north": { "uv": [ 14, 15.5, 16, 16 ], "texture": "#texture" },
                "west":  { "uv": [ 14.5, 15.5, 16, 16 ], "texture": "#texture" },
                "east":  { "uv": [ 14.5, 15.5, 16, 16 ], "texture": "#texture", "cullface": "east" }
            }
        },
        {
            "__comment": "Blaster",
            "from": [ 14.5, 9.5, 7.5 ],
            "to": [ 16, 9.75, 7.75 ],
            "faces": {
                "down":  { "uv": [ 16, 16, 15, 15.5 ], "texture": "#texture" },
                "south": { "uv": [ 13.5, 15.5, 16, 16 ], "texture": "#texture" },
                "west":  { "uv": [ 14.5, 15.5, 16, 16 ], "texture": "#texture" },
                "east":  { "uv": [ 14.5, 15.5, 16, 16 ], "texture": "#texture", "cullface": "east" }
            }
        },
        {
            "__comment": "Blaster",
            "from": [ 14.75, 9.5, 6.75 ],
            "to": [ 16, 9.75, 7 ],
            "faces": {
                "down":  { "uv": [ 16, 16, 15, 15.5 ], "texture": "#texture" },
                "north": { "uv": [ 13.5, 15.5, 16, 16 ], "texture": "#texture" },
                "west":  { "uv": [ 14.5, 15.5, 16, 16 ], "texture": "#texture" },
                "east":  { "uv": [ 14.5, 15.5, 16, 16 ], "texture": "#texture", "cullface": "east" }
            }
        },
        {
            "__comment": "Blaster",
            "from": [ 14.75, 10.75, 7.75 ],
            "to": [ 16, 11, 8 ],
            "faces": {
                "up":    { "uv": [ 15, 14, 16, 14.5 ], "texture": "#texture" },
                "south": { "uv": [ 15, 14, 16, 14.5 ], "texture": "#texture" },
                "west":  { "uv": [ 15.5, 14, 16, 14.5 ], "texture": "#texture" },
                "east":  { "uv": [ 15.5, 14, 16, 14.5 ], "texture": "#texture", "cullface": "east" }
            }
        },
        {
            "__comment": "Blaster",
            "from": [ 15, 10.75, 6.5 ],
            "to": [ 16, 11, 6.75 ],
            "faces": {
                "up":    { "uv": [ 15, 14, 16, 14.5 ], "texture": "#texture" },
                "north": { "uv": [ 15, 14, 16, 14.5 ], "texture": "#texture" },
                "west":  { "uv": [ 15.5, 14, 16, 14.5 ], "texture": "#texture" },
                "east":  { "uv": [ 15.5, 14, 16, 14.5 ], "texture": "#texture", "cullface": "east" }
            }
        },
        {
            "__comment": "Blaster",
            "from": [ 15, 11, 7 ],
            "to": [ 16, 11.25, 7.5 ],
            "faces": {
                "up":    { "uv": [ 15, 14, 16, 14.5 ], "texture": "#texture" },
                "north": { "uv": [ 15, 14, 16, 14.5 ], "texture": "#texture" },
                "south": { "uv": [ 15, 14, 16, 14.5 ], "texture": "#texture" },
                "west":  { "uv": [ 15.5, 14, 16, 14.5 ], "texture": "#texture" },
                "east":  { "uv": [ 15.5, 14, 16, 14.5 ], "texture": "#texture", "cullface": "east" }
            }
        },
        {
            "__comment": "Blaster",
            "from": [ 15, 10.25, 8 ],
            "to": [ 16, 10.5, 8.25 ],
            "faces": {
                "down":  { "uv": [ 16, 16, 15, 15.5 ], "texture": "#texture" },
                "up":    { "uv": [ 15, 14, 16, 14.5 ], "texture": "#texture" },
                "south": { "uv": [ 15, 14.5, 16, 15.5 ], "texture": "#texture" },
                "west":  { "uv": [ 14.5, 14.5, 16, 15.5 ], "texture": "#texture" },
                "east":  { "uv": [ 14.5, 14.5, 16, 15.5 ], "texture": "#texture", "cullface": "east" }
            }
        },
        {
            "__comment": "Blaster",
            "from": [ 15.25, 10.25, 6.25 ],
            "to": [ 16, 10.5, 6.5 ],
            "faces": {
                "down":  { "uv": [ 16, 16, 15, 15.5 ], "texture": "#texture" },
                "up":    { "uv": [ 15, 14, 16, 14.5 ], "texture": "#texture" },
                "north": { "uv": [ 14, 14.5, 16, 15.5 ], "texture": "#texture" },
                "west":  { "uv": [ 14.5, 14.5, 16, 15.5 ], "texture": "#texture" },
                "east":  { "uv": [ 14.5, 14.5, 16, 15.5 ], "texture": "#texture", "cullface": "east" }
            }
        },
        {
            "__comment": "Blaster",
            "from": [ 15.25, 9.5, 6.5 ],
            "to": [ 16, 9.75, 6.75 ],
            "faces": {
                "down":  { "uv": [ 16, 16, 15, 15.5 ], "texture": "#texture" },
                "north": { "uv": [ 13.5, 15.5, 16, 16 ], "texture": "#texture" },
                "west":  { "uv": [ 14.5, 15.5, 16, 16 ], "texture": "#texture" },
                "east":  { "uv": [ 14.5, 15.5, 16, 16 ], "texture": "#texture", "cullface": "east" }
            }
        },
        {
            "__comment": "Blaster",
            "from": [ 15.25, 9.5, 7.75 ],
            "to": [ 16, 9.75, 8 ],
            "faces": {
                "down":  { "uv": [ 16, 16, 15, 15.5 ], "texture": "#texture" },
                "south": { "uv": [ 13.5, 15.5, 16, 16 ], "texture": "#texture" },
                "west":  { "uv": [ 14.5, 15.5, 16, 16 ], "texture": "#texture" },
                "east":  { "uv": [ 14.5, 15.5, 16, 16 ], "texture": "#texture", "cullface": "east" }
            }
        },
        {
            "__comment": "Blaster",
            "from": [ 15.25, 10, 8 ],
            "to": [ 16, 10.25, 8.25 ],
            "faces": {
                "down":  { "uv": [ 16, 16, 15, 15.5 ], "texture": "#texture" },
                "south": { "uv": [ 15, 14.5, 16, 15.5 ], "texture": "#texture" },
                "west":  { "uv": [ 14.5, 14.5, 16, 15.5 ], "texture": "#texture" },
                "east":  { "uv": [ 14.5, 14.5, 16, 15.5 ], "texture": "#texture", "cullface": "east" }
            }
        },
        {
            "__comment": "Blaster",
            "from": [ 15.5, 10, 6.25 ],
            "to": [ 16, 10.25, 6.5 ],
            "faces": {
                "down":  { "uv": [ 16, 16, 15, 15.5 ], "texture": "#texture" },
                "north": { "uv": [ 14, 14.5, 16, 15.5 ], "texture": "#texture" },
                "west":  { "uv": [ 14.5, 14.5, 16, 15.5 ], "texture": "#texture" },
                "east":  { "uv": [ 14.5, 14.5, 16, 15.5 ], "texture": "#texture", "cullface": "east" }
            }
        },
        {
            "__comment": "Blaster",
            "from": [ 15.5, 9.25, 7.25 ],
            "to": [ 16, 9.5, 7.5 ],
            "faces": {
                "down":  { "uv": [ 16, 16, 15, 15.5 ], "texture": "#texture" },
                "north": { "uv": [ 13.5, 15.5, 16, 16 ], "texture": "#texture" },
                "south": { "uv": [ 13.5, 15.5, 16, 16 ], "texture": "#texture" },
                "west":  { "uv": [ 14.5, 15.5, 16, 16 ], "texture": "#texture" },
                "east":  { "uv": [ 14.5, 15.5, 16, 16 ], "texture": "#texture", "cullface": "east" }
            }
        },
        {
            "__comment": "Blaster",
            "from": [ 15.75, 11, 6.75 ],
            "to": [ 16, 11.25, 7 ],
            "faces": {
                "up":    { "uv": [ 15, 14, 16, 14.5 ], "texture": "#texture" },
                "north": { "uv": [ 15, 14, 16, 14.5 ], "texture": "#texture" },
                "west":  { "uv": [ 15.5, 14, 16, 14.5 ], "texture": "#texture" },
                "east":  { "uv": [ 15.5, 14, 16, 14.5 ], "texture": "#texture", "cullface": "east" }
            }
        },
        {
            "__comment": "Blaster",
            "from": [ 15.75, 9.25, 7 ],
            "to": [ 16, 9.5, 7.25 ],
            "faces": {
                "down":  { "uv": [ 16, 16, 15, 15.5 ], "texture": "#texture" },
                "north": { "uv": [ 13.5, 15.5, 16, 16 ], "texture": "#texture" },
                "west":  { "uv": [ 14.5, 15.5, 16, 16 ], "texture": "#texture" },
                "east":  { "uv": [ 14.5, 15.5, 16, 16 ], "texture": "#texture", "cullface": "east" }
            }
        },
        {
            "__comment": "Blaster",
            "from": [ 15.75, 11, 7.5 ],
            "to": [ 16, 11.25, 7.75 ],
            "faces": {
                "up":    { "uv": [ 15, 14, 16, 14.5 ], "texture": "#texture" },
                "south": { "uv": [ 15, 14, 16, 14.5 ], "texture": "#texture" },
                "west":  { "uv": [ 15.5, 14, 16, 14.5 ], "texture": "#texture" },
                "east":  { "uv": [ 15.5, 14, 16, 14.5 ], "texture": "#texture", "cullface": "east" }
            }
        },
        {
            "__comment": "Blaster",
            "from": [ 15.75, 10.5, 8 ],
            "to": [ 16, 10.75, 8.25 ],
            "faces": {
                "up":    { "uv": [ 15, 14, 16, 14.5 ], "texture": "#texture" },
                "south": { "uv": [ 15, 14, 16, 14.5 ], "texture": "#texture" },
                "west":  { "uv": [ 15.5, 14, 16, 14.5 ], "texture": "#texture" },
                "east":  { "uv": [ 15.5, 14, 16, 14.5 ], "texture": "#texture", "cullface": "east" }
            }
        }
    ],
    "display": {
        "thirdperson_righthand": {
            "rotation": [ 0, 90, 0 ],
            "translation": [ 0, -0.4, -1.7 ],
            "scale": [ 0.75, 0.75, 0.75 ]
        },
        "thirdperson_lefthand": {
            "rotation": [ 0, -90, 0 ],
            "translation": [ 0, -0.4, -1.7 ],
            "scale": [ 0.75, 0.75, 0.75 ]
        },
        "head": {
            "rotation": [ 0, 0, -90 ],
            "translation": [ 0, -14.93, 4.91 ],
            "scale": [ 1, 1, 1 ]
        },
        "ground": {
            "rotation": [ -70, 0, 0 ],
            "translation": [ 0, 0, 0 ],
            "scale": [ 0.6, 0.6, 0.6 ]
        },
        "fixed": {
            "rotation": [ 0, 180, 0 ],
            "translation": [ 0, 0, -1 ],
            "scale": [ 1.2, 1.2, 1.2 ]
        },
        "firstperson_righthand": {
            "rotation": [ 0, 85, 0 ],
            "translation": [ 1, -0.76, 0.56 ],
            "scale": [ 1.2, 1.2, 1.2 ]
        },
        "firstperson_lefthand": {
            "rotation": [ 0, -85, 0 ],
            "translation": [ 1, -0.76, 0.56 ],
            "scale": [ 1.2, 1.2, 1.2 ]
        },
        "gui": {
            "rotation": [ -28, 1, 41 ],
            "translation": [ 1.89, 0, 0 ],
            "scale": [ 1.1, 1.1, 1.1 ]
        }
    }
}